quarter,rank,ticker,company_name,sector,score,annual_return_pct,quarter_return_pct,avg_monthly_high_low_change_pct,max_monthly_high_low_change_pct,trend_r2,max_drawdown_pct,positive_month_ratio_pct,end_to_trailing_high_pct,persistence_20d_pct,quarter_end_close,price_rows,trailing_return_pct,learning_date,training_cutoff_date,ocr_per,ocr_pbr,ocr_roe,ocr_roa,ocr_yield,ocr_per_confidence,ocr_pbr_confidence,ocr_roe_confidence,ocr_roa_confidence,ocr_yield_confidence,ocr_metrics_text,image_file,sector_adjusted_per_score,finance_quality_score,growth_quality_score,ocr_style_label,adopt_flag,adopt_reason,realized_start_date,realized_end_date,realized_start_close,realized_end_close,realized_return_pct
2025Q4_PRE,1,4221.T,大倉工業,化学,0.9433049494411924,80.79470198675496,28.018757327080905,11.35602376648337,13.70143149284253,0.9479026230053248,14.720812182741115,91.66666666666666,98.20143884892086,100.0,5460.0,6276,110.3235747303544,2025-09-30,2025-09-30,9.1,9.1,25.12,9.1,9.1,medium,medium,low,low,low,"4890布E校
株伍指标
予想PER
（倍）
<25.12>
9.1
(26.12>
9'8
实PER
高值平均
0'8
安值平均
5.5
PBR
68-0
株佰（8/27)
4840m
m
最低購人额
5
48万4000P
4221
16速人特
花",1338.png,0.8658536585365854,0.4103046833422032,0.9470928685470996,業績急伸型,採用,"達成: sector_adjusted_per_score, ocr_per, persistence_20d_pct, positive_month_ratio_pct, max_drawdown_pct, annual_return_pct_lower, annual_return_pct_upper, quarter_return_pct_lower, quarter_return_pct_upper, trend_r2",2025-10-01,2025-12-30,5370.0,4865.0,-9.40409683426443
2025Q4_PRE,2,3486.T,グローバル・リンク・マネジメント,不動産業,0.942911122937733,111.46216017634094,43.18407960199004,17.079468049983518,20.56766762649116,0.9502748627122244,22.391857506361323,75.0,98.19174343227569,100.0,2878.0,2022,145.982905982906,2025-09-30,2025-09-30,9.0,9.0,25.12,9.0,9.0,medium,medium,low,low,low,"株伍指标
海正格
予想PER
（倍）
<25.12>
9.0
(26.12>
7.7
实PER
高值平均
7.5
安值平均
3.4
PBR
2.92
株佰（8/27)
8
2444m9
最低購人额
24万4400
3486
宋",928.png,0.6590909090909091,0.367489356040447,0.9653738690792976,業績急伸型,採用,"達成: sector_adjusted_per_score, ocr_per, persistence_20d_pct, positive_month_ratio_pct, max_drawdown_pct, annual_return_pct_lower, annual_return_pct_upper, quarter_return_pct_lower, quarter_return_pct_upper, trend_r2",2025-10-01,2025-12-30,2787.0,2127.0,-23.681377825618945
2025Q4_PRE,4,8361.T,大垣共立銀行,銀行業,0.9321554018094732,79.03142709943327,37.297510865270645,16.146859438787317,19.86917416189697,0.8945804003935818,25.91706539074961,83.33333333333334,99.14407988587732,100.0,3475.0,6274,91.14411441144117,2025-09-30,2025-09-30,8.7,8.7,26.3,8.7,8.7,medium,medium,low,low,low,"株伍指标
布正格
予想PER
（倍）
<26.3>
8.7
<27.3>
8.2
实PER
高值平均
11.9
安值平均
9.1
PBR
0.40
株（8/27)
2
3140m
最低購人额
5
31万4000m
8361
銀",3376.png,0.71875,0.5604776476849388,0.9527075572112826,業績急伸型,採用,"達成: sector_adjusted_per_score, ocr_per, persistence_20d_pct, positive_month_ratio_pct, max_drawdown_pct, annual_return_pct_lower, annual_return_pct_upper, quarter_return_pct_lower, quarter_return_pct_upper, trend_r2",2025-10-01,2025-12-30,3390.0,4690.0,38.34808259587022
2025Q4_PRE,5,9691.T,両毛システムズ,情報・通信業,0.9302182011708356,74.9514563106796,44.16,20.57663679323439,23.01480484522207,0.8956124739009153,15.46762589928058,83.33333333333334,98.57768052516413,75.0,4505.0,6533,119.75609756097565,2025-09-30,2025-09-30,9.0,9.0,26.3,9.0,9.0,medium,medium,low,low,low,"株伍指标
予想PER
（倍）
<26.3>
9.0
<27.3>
6'8
实PER
高值平均
8.3
安值平均
5.0
PBR
1.01
株倡(8/27)
3975F
最低購人额
5
21
39万75009
速理特
9691
情
克0y1",3827.png,0.9543189368770764,0.6095130388504524,0.910557477381586,業績急伸型,採用,"達成: sector_adjusted_per_score, ocr_per, persistence_20d_pct, positive_month_ratio_pct, max_drawdown_pct, annual_return_pct_lower, annual_return_pct_upper, quarter_return_pct_lower, quarter_return_pct_upper, trend_r2",2025-10-01,2025-12-30,4475.0,4595.0,2.681564245810053
2025Q4_PRE,9,7419.T,ノジマ,小売業,0.9274028738690796,84.9065151814723,25.9316684535561,19.376516288868952,25.528696276940437,0.9078188101768184,12.704915849152007,83.33333333333334,97.5932581932536,100.0,1351.6666259765625,6533,106.99335772994831,2025-09-30,2025-09-30,8.1,8.1,26.3,8.1,8.1,medium,medium,low,low,low,"3640布E校
株伍指标
予想PER
（倍）
<26.3>
8.1
<27.3>
7.5
实PER
高值平均
7.9
安值平均
5.1
PBR
1.52
株倡(8/27)
2
3345F
最低購人额
5
7.2
33万4500m
7419
证23特
小
年色",2883.png,0.9248466257668712,0.5970130388504524,0.9380987227248536,業績急伸型,採用,"達成: sector_adjusted_per_score, ocr_per, persistence_20d_pct, positive_month_ratio_pct, max_drawdown_pct, annual_return_pct_lower, annual_return_pct_upper, quarter_return_pct_lower, quarter_return_pct_upper, trend_r2",2025-10-01,2025-12-30,1345.0,1190.0,-11.524163568773238
2025Q4_PRE,11,343A.T,ＩＡＣＥトラベル,サービス業,0.9224853645556148,81.88235294117648,48.08429118773947,24.141883921705627,48.54368932038835,0.8359102899450075,7.849829351535831,100.0,96.7459324155194,100.0,1546.0,226,81.88235294117648,2025-09-30,2025-09-30,14.8,14.8,26.3,14.8,14.8,medium,medium,low,low,low,"1530
株伍指标
予想PER
（倍）
<26.3>
14.8
<27.3>
14.2
实PER
高值平均
安值平均
PBR
1.69
株幅(8/27)
1371月
最低購人额
5
4.8
13万71009
343A",904.png,0.5598130841121496,0.5902208621607237,0.9529204364023418,業績急伸型,採用,"達成: sector_adjusted_per_score, ocr_per, persistence_20d_pct, positive_month_ratio_pct, max_drawdown_pct, annual_return_pct_lower, annual_return_pct_upper, quarter_return_pct_lower, quarter_return_pct_upper, trend_r2",2025-10-01,2025-12-30,1488.0,1545.0,3.8306451612903247
2025Q4_PRE,13,1384.T,ホクリヨウ,水産・農林業,0.9212825971261308,99.51219512195122,50.5521472392638,23.49732040032815,36.51477832512315,0.8786491911096682,21.141374837872892,83.33333333333334,95.11627906976744,100.0,2454.0,2721,149.89816700610996,2025-09-30,2025-09-30,8.6,8.6,26.3,8.6,8.6,medium,medium,low,low,low,"2217
株伍指标
予想PER
（倍）
<26.3>
8.6
<27.3>
9.0
实PER
高值平均
8.6
安值平均
5.2
PBR
1.21
株倡(8/27)
2
2085月
最低購人额
5
6.5
20万8500F
单弓特
1384
钟色",15.png,0.9166666666666666,0.5992682277807344,0.964442522618414,業績急伸型,採用,"達成: sector_adjusted_per_score, ocr_per, persistence_20d_pct, positive_month_ratio_pct, max_drawdown_pct, annual_return_pct_lower, annual_return_pct_upper, quarter_return_pct_lower, quarter_return_pct_upper, trend_r2",2025-10-01,2025-12-30,2374.0,3015.0,27.000842459983154
2025Q4_PRE,14,1893.T,五洋建設,建設業,0.9194252261841406,77.28447291452471,28.854013541993684,13.017969588383824,15.60452976153841,0.9057643222954472,8.589042768086475,75.0,97.3288814691152,95.0,1166.0,6276,94.3009577465018,2025-09-30,2025-09-30,11.8,11.8,26.3,11.8,11.8,medium,medium,low,low,low,"1112
株伍指标
予想PER
（倍）
<26.3>
11.8
<27.3>
11.4
实PER
高值平均
115.2
安值平均
91.2
PBR
1.73
株佰（8/27)
1070m
最低購人额
5
72
10万7000m
1893
建",149.png,0.6966666666666667,0.5869744544970729,0.9233102714209686,業績急伸型,採用,"達成: sector_adjusted_per_score, ocr_per, persistence_20d_pct, positive_month_ratio_pct, max_drawdown_pct, annual_return_pct_lower, annual_return_pct_upper, quarter_return_pct_lower, quarter_return_pct_upper, trend_r2",2025-10-01,2025-12-30,1139.0,1575.5,38.32309043020192
2025Q4_PRE,16,4016.T,ＭＩＴホールディングス,情報・通信業,0.9152634379989358,74.20689655172414,48.41363102232668,23.90145227102342,30.11152416356877,0.7588404488383423,16.913580246913583,75.0,100.0,100.0,1263.0,1291,90.785498489426,2025-09-30,2025-09-30,11.8,11.8,25.11,11.8,11.8,medium,medium,low,low,low,"株伍指标
予想PER
（倍）
<25.11>
11.8
<26.11>
10.1
实PER
高值平均
37.0
安值平均
18.0
PBR
2.85
株倡(8/27)
1013月
最低購人额
10万1300m
8M速C特
4016
情
仲",1230.png,0.877906976744186,0.4127128791910591,0.9271088344864288,業績急伸型,採用,"達成: sector_adjusted_per_score, ocr_per, persistence_20d_pct, positive_month_ratio_pct, max_drawdown_pct, annual_return_pct_lower, annual_return_pct_upper, quarter_return_pct_lower, quarter_return_pct_upper, trend_r2",2025-10-01,2025-12-30,1200.0,975.0,-18.75
2025Q4_PRE,17,7110.T,クラシコム,小売業,0.9144491750931348,90.69965870307166,40.56603773584906,20.055000981577923,33.3144154370034,0.8578949014984563,12.023898431665426,83.33333333333334,95.14687100893995,100.0,2235.0,878,98.66666666666666,2025-09-30,2025-09-30,19.9,19.9,25.7,19.9,19.9,medium,medium,low,low,low,"株伍指标
（倍）
予想PER
<25.7>
19.9
(26.7>
17.3
实PER
高值平均
18.3
安值平均
11.1
PBR
2.51
株佰（8/27)
5
17589
最低購人额
5
17万58009
7110
小",2719.png,0.4723926380368098,0.4594598190526877,0.9526942522618416,業績急伸型,採用,"達成: sector_adjusted_per_score, ocr_per, persistence_20d_pct, positive_month_ratio_pct, max_drawdown_pct, annual_return_pct_lower, annual_return_pct_upper, quarter_return_pct_lower, quarter_return_pct_upper, trend_r2",2025-10-01,2025-12-30,2191.0,2338.0,6.709265175718859
2025Q4_PRE,19,4495.T,アイキューブドシステムズ,情報・通信業,0.9079084619478448,80.6384455239417,41.852861035422336,23.130764935442365,35.60895685417804,0.8706278366761138,15.009041591320072,75.0,95.5229357798165,100.0,2603.0,1377,96.60120845921448,2025-09-30,2025-09-30,16.4,16.4,26.6,16.4,16.4,medium,medium,low,low,low,"株伍指标
（倍）
予想PER
<26.6>
16.4
<27.6>
14.4
实PER
高值平均
22.5
安值平均
13.0
PBR
4.55
株幅(8/27)
2384m
最低購人额
1.8
23万84009
4495
情",1509.png,0.6868770764119602,0.7495542841937199,0.9471593932943054,業績急伸型,採用,"達成: sector_adjusted_per_score, ocr_per, persistence_20d_pct, positive_month_ratio_pct, max_drawdown_pct, annual_return_pct_lower, annual_return_pct_upper, quarter_return_pct_lower, quarter_return_pct_upper, trend_r2",2025-10-01,2025-12-30,2538.0,2760.0,8.747044917257686
2025Q4_PRE,21,8550.T,栃木銀行,銀行業,0.9069451836083022,78.79858657243817,25.87064676616915,14.733450982105907,17.602040816326525,0.8501824456939503,27.710843373493976,83.33333333333334,99.02152641878668,85.0,506.0,6276,93.12977099236642,2025-09-30,2025-09-30,8.5,8.5,26.3,8.5,8.5,medium,medium,low,low,low,"株伍指标
予想PER
（倍）
<26.3>
8.5
<27.3>
7.4
实PER
高值平均
16.7
安值平均
10.0
PBR
0-32
株倡(8/27)
477A
最低購人额
5
14.8
4万7700F
8550
特
銀",3413.png,0.76875,0.5684872272485365,0.8929284193720064,業績急伸型,採用,"達成: sector_adjusted_per_score, ocr_per, persistence_20d_pct, positive_month_ratio_pct, max_drawdown_pct, annual_return_pct_lower, annual_return_pct_upper, quarter_return_pct_lower, quarter_return_pct_upper, trend_r2",2025-10-01,2025-12-30,491.0,726.0,47.86150712830957
2025Q4_PRE,23,2981.T,ランディックス,不動産業,0.9051836083022886,86.36721828211189,41.02564102564104,24.29289853774302,36.6557734204793,0.908190130993324,16.78929765886288,83.33333333333334,93.47826086956522,95.0,2365.0,1515,124.38330170777986,2025-09-30,2025-09-30,8.3,8.3,26.3,8.3,8.3,medium,medium,low,low,low,"2509布E楼
株伍指标
予想PER
（倍）
<26.3>
8.3
<27.3>
8'9
实PER
高值平均
8'6
安值平均
5.6
PBR
1.47
株倡(8/27)
3
2280m
最低購人额
5
8.1
22万8000F
2981
宋",650.png,0.7272727272727273,0.5589808408728046,0.949787120808941,業績急伸型,採用,"達成: sector_adjusted_per_score, ocr_per, persistence_20d_pct, positive_month_ratio_pct, max_drawdown_pct, annual_return_pct_lower, annual_return_pct_upper, quarter_return_pct_lower, quarter_return_pct_upper, trend_r2",2025-10-01,2025-12-30,2236.0,2555.0,14.266547406082283
2025Q4_PRE,27,9409.T,テレビ朝日ホールディングス,情報・通信業,0.9023150612027676,49.7099509147702,20.078740157480325,10.327259660453317,10.70432357043236,0.9066907482101404,16.858522094318605,100.0,99.11373707533237,100.0,3355.0,6273,70.99898063200816,2025-09-30,2025-09-30,12.1,12.1,26.3,12.1,12.1,medium,medium,low,low,low,"3175
株伍指标
（倍）
予想PER
<26.3>
12.1
<27.3>
11.9
实PER
高值平均
11.4
安值平均
7.7
PBR
0.70
株佰（8/27)
3
3140m
最低購人额
5
6.0
31万4000m
9409
情",3717.png,0.8679401993355482,0.6249268227780734,0.8933275678552421,業績急伸型,採用,"達成: sector_adjusted_per_score, ocr_per, persistence_20d_pct, positive_month_ratio_pct, max_drawdown_pct, annual_return_pct_lower, annual_return_pct_upper, quarter_return_pct_lower, quarter_return_pct_upper, trend_r2",2025-10-01,2025-12-30,3250.0,3330.0,2.4615384615384706
2025Q4_PRE,31,2975.T,スター・マイカ・ホールディングス,不動産業,0.899228312932411,52.38095238095237,26.631016042780757,12.294201296231,15.58441558441559,0.9323332079850588,16.125654450261784,91.66666666666666,96.49551752241238,80.0,1184.0,1653,97.33333333333334,2025-09-30,2025-09-30,10.3,10.3,25.11,10.3,10.3,medium,medium,low,low,low,"157布正款
株伍指标
予想PER
（倍）
<25.11>
10.3
<26.11>
9.3
实PER
高值平均
8.4
安值平均
5.9
PBR
1.35
株幅(8/27)
10
十万排
1125F
最低購人额
11万25009
2975
宋",645.png,0.5757575757575758,0.3363956891963811,0.8806346460883447,業績急伸型,採用,"達成: sector_adjusted_per_score, ocr_per, persistence_20d_pct, positive_month_ratio_pct, max_drawdown_pct, annual_return_pct_lower, annual_return_pct_upper, quarter_return_pct_lower, quarter_return_pct_upper, trend_r2",2025-10-01,2025-12-30,1220.0,1361.0,11.557377049180316
2025Q4_PRE,33,6542.T,ＦＣホールディングス,サービス業,0.8979297498669504,56.68508287292817,26.49420160570919,10.570313600835677,24.350086655112648,0.8711340501543241,11.259541984732824,83.33333333333334,98.81533101045297,70.0,1418.0,6497,67.81065088757397,2025-09-30,2025-09-30,10.2,10.2,26.6,10.2,10.2,medium,medium,low,low,low,"1435栋E校
株伍指标
予想PER
（倍）
<26.6>
10.2
<27.6>
9.7
实PER
高值平均
8.7
安值平均
6.3
PBR
1.12
株佰（8/27)
5
1410m
最低購人额
5
14万1000m
9.5
6542
18证办特
座",2405.png,0.8514018691588785,0.7210750399148483,0.8606240021287919,業績急伸型,採用,"達成: sector_adjusted_per_score, ocr_per, persistence_20d_pct, positive_month_ratio_pct, max_drawdown_pct, annual_return_pct_lower, annual_return_pct_upper, quarter_return_pct_lower, quarter_return_pct_upper, trend_r2",2025-10-01,2025-12-30,1418.0,1409.0,-0.6346967559943573
2025Q4_PRE,38,8600.T,トモニホールディングス,銀行業,0.8947897817988291,50.22321428571428,23.260073260073263,13.745895787524269,20.715630885122405,0.9355342055428688,23.1858407079646,83.33333333333334,97.96215429403202,95.0,673.0,6276,78.51458885941645,2025-09-30,2025-09-30,7.4,7.4,26.3,7.4,7.4,medium,medium,low,low,low,"671
株伍指标
（倍）
予想PER
<26.3>
7.4
<27.3>
6.9
实PER
高值平均
6.1
安值平均
3.9
PBR
0.43
株倡(8/27)
637A
最低購人额
5
67
6万3700F
8600
銀",3431.png,0.8875,0.5764835018626929,0.8948243746673761,業績急伸型,採用,"達成: sector_adjusted_per_score, ocr_per, persistence_20d_pct, positive_month_ratio_pct, max_drawdown_pct, annual_return_pct_lower, annual_return_pct_upper, quarter_return_pct_lower, quarter_return_pct_upper, trend_r2",2025-10-01,2025-12-30,660.0,784.0,18.7878787878788
2025Q4_PRE,39,3449.T,テクノフレックス,金属製品,0.8943587014369345,52.62189512419504,28.60465116279069,11.858350971909852,13.611329661683724,0.7885460107981577,9.745390693590872,83.33333333333334,99.93975903614458,100.0,1659.0,1522,55.48266166822869,2025-09-30,2025-09-30,10.1,10.1,25.12,10.1,10.1,medium,medium,low,low,low,"1537
株伍指标
予想PER
（倍）
<25.12>
10.1
(26.12>
10.9
实PER
高值平均
16.0
安值平均
13.2
PBR
1.15
株佰（8/27)
1490m
最低購人额
14万9000m
3449
金",913.png,0.6724137931034483,0.3814129856306546,0.8986096327833955,業績急伸型,採用,"達成: sector_adjusted_per_score, ocr_per, persistence_20d_pct, positive_month_ratio_pct, max_drawdown_pct, annual_return_pct_lower, annual_return_pct_upper, quarter_return_pct_lower, quarter_return_pct_upper, trend_r2",2025-10-01,2025-12-30,1601.0,2180.0,36.16489693941287
2025Q4_PRE,40,5105.T,ＴＯＹＯ ＴＩＲＥ,ゴム製品,0.8939063331559342,62.67328781295263,27.216828478964405,12.968382176019642,18.07716241443684,0.897594629366311,21.51628403630539,83.33333333333334,95.08950169327528,95.0,3931.0,6276,97.88572866851246,2025-09-30,2025-09-30,9.6,9.6,25.12,9.6,9.6,medium,medium,low,low,low,"3795
株伍指标
予想PER
（倍）
<25.12>
9.6
(26.12>
8.2
实PER
高值平均
6.0
安值平均
3.7
PBR
1.20
株倡(8/27)
3
3727P
最低購人额
5
37万27009
5105
更強特",1789.png,0.7222222222222222,0.3863025545502926,0.9149946780202236,業績急伸型,採用,"達成: sector_adjusted_per_score, ocr_per, persistence_20d_pct, positive_month_ratio_pct, max_drawdown_pct, annual_return_pct_lower, annual_return_pct_upper, quarter_return_pct_lower, quarter_return_pct_upper, trend_r2",2025-10-01,2025-12-30,3911.0,4335.0,10.841217080030674
2025Q4_PRE,50,1980.T,ダイダン,建設業,0.8866418307610431,61.8300589767157,37.55555013020832,17.018888813035247,29.41176470588236,0.8080618634638292,23.425696587144785,83.33333333333334,95.23076189788304,90.0,2063.333251953125,6273,109.19229075837164,2025-09-30,2025-09-30,11.4,11.4,26.3,11.4,11.4,medium,medium,low,low,low,"株伍指标
5910E餐
予想PER
（倍）
<26.3>
11.4
<27.3>
11.2
实PER
高值平均
10.2
安值平均
5.7
PBR
2.26
株佰（8/27)
5710m
最低購人额
5
tL
57万1000P
1980
建",198.png,0.7366666666666667,0.5913185204896222,0.9034992017030334,業績急伸型,採用,"達成: sector_adjusted_per_score, ocr_per, persistence_20d_pct, positive_month_ratio_pct, max_drawdown_pct, annual_return_pct_lower, annual_return_pct_upper, quarter_return_pct_lower, quarter_return_pct_upper, trend_r2",2025-10-01,2025-12-30,2003.3333740234373,2476.0,23.594007473018475
2025Q4_PRE,52,7235.T,東京ラヂエーター製造,輸送用機器,0.885971261309207,61.490683229813655,41.30434782608696,17.42142432664932,29.798515376458123,0.7878366364536977,27.979797979797983,75.0,97.01492537313432,100.0,1300.0,6273,77.35334242837652,2025-09-30,2025-09-30,7.9,7.9,26.3,7.9,7.9,medium,medium,low,low,low,"1186
株伍指标
（倍）
予想PER
<26.3>
7.9
<27.3>
7.7
实PER
高值平均
6.8
安值平均
3.8
PBR
0-52
株幅(8/27)
6
1206
最低購人额
5
6.8
12万600m9
7235
输",2787.png,0.9069767441860463,0.5834752527940393,0.9176623203831826,業績急伸型,採用,"達成: sector_adjusted_per_score, ocr_per, persistence_20d_pct, positive_month_ratio_pct, max_drawdown_pct, annual_return_pct_lower, annual_return_pct_upper, quarter_return_pct_lower, quarter_return_pct_upper, trend_r2",2025-10-01,2025-12-30,1301.0,1582.0,21.598770176787085
2025Q4_PRE,60,8057.T,内田洋行,卸売業,0.8778552421500799,77.23935389133626,24.176954732510293,12.479886879710474,21.563088512241045,0.8609316828196556,20.544554455445542,83.33333333333334,93.49341595662275,100.0,2414.0,6276,79.34621099554235,2025-09-30,2025-09-30,8.0,8.0,26.7,8.0,8.0,medium,medium,low,low,low,"1000布E校
株伍指标
予想PER
（倍）
<26.7>
8'6
(27.7>
10.8
实PER
高值平均
10.5
安值平均
6.7
PBR
1.50
株（8/27)
2
1万760用
最低購人额
5
107万6000P
4.5
8057
卸",3243.png,0.8512110726643599,0.7037786056412985,0.9220130388504524,業績急伸型,採用,"達成: sector_adjusted_per_score, ocr_per, persistence_20d_pct, positive_month_ratio_pct, max_drawdown_pct, annual_return_pct_lower, annual_return_pct_upper, quarter_return_pct_lower, quarter_return_pct_upper, trend_r2",2025-10-01,2025-12-30,2310.0,2146.0,-7.099567099567095
2025Q4_PRE,63,5352.T,黒崎播磨,ガラス・土石製品,0.8772112825971261,63.81709741550696,24.471299093655595,10.533523678561371,20.991253644314867,0.7700330375287775,25.92190889370932,66.66666666666666,99.27710843373494,95.0,4120.0,6276,93.79115710253998,2025-09-30,2025-09-30,8.9,8.9,26.3,8.9,8.9,medium,medium,low,low,low,"4150布E校
株伍指标
予想PER
（倍）
<26.3>
8.9
<27.3>
13.0
实PER
高宿平均
9.0
安值平均
4.3
PBR
1.47
株倡(8/27)
4090m
最低購人额
5
3.8
40万9000P
速拉特
5352
转大佰",1875.png,0.8431372549019608,0.5861961149547631,0.8660058541777541,業績急伸型,採用,"達成: sector_adjusted_per_score, ocr_per, persistence_20d_pct, positive_month_ratio_pct, max_drawdown_pct, annual_return_pct_lower, annual_return_pct_upper, quarter_return_pct_lower, quarter_return_pct_upper, trend_r2",2025-10-01,2025-12-30,4125.0,4160.0,0.848484848484854
2025Q4_PRE,64,6822.T,大井電気,電気機器,0.8769079297498672,120.55555555555556,25.632911392405067,17.56115059243592,20.664739884393057,0.9080939258615108,22.745762711864405,75.0,92.00463499420626,95.0,3970.0,6535,126.468910439247,2025-09-30,2025-09-30,6.0,6.0,26.3,6.0,6.0,medium,medium,low,low,low,"株伍指标
布正格
予想PER
（倍）
<26.3>
6.0
<27.3>
4.7
实PER
高值平均
4.1
安值平均
2.4
PBR
0.70
株倡(8/27)
确
3810m
最低購人额
5
5.7
38万1000m
连办特
6822
结2色",2551.png,0.9890350877192984,0.5893959552953698,0.9262373602980308,業績急伸型,採用,"達成: sector_adjusted_per_score, ocr_per, persistence_20d_pct, positive_month_ratio_pct, max_drawdown_pct, annual_return_pct_lower, annual_return_pct_upper, quarter_return_pct_lower, quarter_return_pct_upper, trend_r2",2025-10-01,2025-12-30,3885.0,3800.0,-2.187902187902191
2025Q4_PRE,74,146A.T,コロンビア・ワークス,不動産業,0.8734113890367217,101.3440860215054,45.436893203883486,22.678283704014834,40.83665338645419,0.7970069914707162,24.541284403669728,66.66666666666666,94.57070707070709,95.0,3745.0,477,123.24888226527572,2025-09-30,2025-09-30,8.1,8.1,25.12,8.1,8.1,medium,medium,low,low,low,"3465布E楼
株伍指标
予想PER
（倍）
<25.12>
8.1
(26.12>
6.8
实PER
高值平均
7.2
安值平均
3.3
PBR
1.90
株（8/27)
3385P
CIEK
最低購人额
33万85009
146A
不",42.png,0.7424242424242424,0.3770223523150612,0.9151011176157532,業績急伸型,採用,"達成: sector_adjusted_per_score, ocr_per, persistence_20d_pct, positive_month_ratio_pct, max_drawdown_pct, annual_return_pct_lower, annual_return_pct_upper, quarter_return_pct_lower, quarter_return_pct_upper, trend_r2",2025-10-01,2025-12-30,3655.0,3450.0,-5.608755129958965
2025Q4_PRE,75,8515.T,アイフル,その他金融業,0.8729430548163917,54.96894409937889,18.24644549763033,9.637488051901151,11.590909090909095,0.8440125884723928,18.69918699186992,100.0,98.61660079051384,85.0,499.0,6276,54.48916408668731,2025-09-30,2025-09-30,9.6,9.6,26.3,9.6,9.6,medium,medium,low,low,low,"株伍指标
（倍）
予想PER
<26.3>
9.6
<27.3>
8.5
实PER
高值平均
10.3
安值平均
89
PBR
1.03
株幅(8/27)
25
477A
百万排
最低購人额
4万7700P
8
益者速下特
8515
精电色",3405.png,0.7763157894736842,0.5798163916977116,0.8500997871208089,中間型,採用,"達成: sector_adjusted_per_score, ocr_per, persistence_20d_pct, positive_month_ratio_pct, max_drawdown_pct, annual_return_pct_lower, annual_return_pct_upper, quarter_return_pct_lower, quarter_return_pct_upper, trend_r2",2025-10-01,2025-12-30,481.0,559.0,16.216216216216207
2025Q4_PRE,81,6231.T,木村工機,機械,0.8692017030335286,93.3115823817292,23.4375,21.58296528200452,29.171151776103343,0.9580363066588486,19.00237529691211,75.0,90.45801526717555,95.0,11850.0,1463,151.32555673382822,2025-09-30,2025-09-30,14.4,14.4,26.3,14.4,14.4,medium,medium,low,low,low,"2000
株伍指标
予想PER
（倍）
<26.3>
14.4
<27.3>
13.8
实PER
高值平均
9.2
安值平均
3.9
PBR
3-36
2
株倡（8/27)
1万1350m
最低購大额
5
3.3
113万5000m
6231
概
增",2212.png,0.4629629629629629,0.5676423629590207,0.9197844598190528,業績急伸型,採用,"達成: sector_adjusted_per_score, ocr_per, persistence_20d_pct, positive_month_ratio_pct, max_drawdown_pct, annual_return_pct_lower, annual_return_pct_upper, quarter_return_pct_lower, quarter_return_pct_upper, trend_r2",2025-10-01,2025-12-30,11310.0,12340.0,9.106984969053933
2025Q4_PRE,93,8393.T,宮崎銀行,銀行業,0.863714741883981,46.86998394863564,26.03305785123966,14.165349057644008,17.56410256410257,0.8133093569337577,27.525035765379112,75.0,98.8120950323974,75.0,4575.0,6276,71.47676161919041,2025-09-30,2025-09-30,7.1,7.1,26.3,7.1,7.1,medium,medium,low,low,low,"株伍指标
1585
海正校
予想PER
（倍）
<26.3>
7.1
<27.3>
7.0
实PER
高值平均
6.6
安值平均
4.7
PBR
0-38
株倡(8/27)
4400F
最低購人额
5
51
44万内
8393
43
銀",3391.png,0.93125,0.5837480042575838,0.8369411921234698,業績急伸型,採用,"達成: sector_adjusted_per_score, ocr_per, persistence_20d_pct, positive_month_ratio_pct, max_drawdown_pct, annual_return_pct_lower, annual_return_pct_upper, quarter_return_pct_lower, quarter_return_pct_upper, trend_r2",2025-10-01,2025-12-30,4410.0,6540.0,48.29931972789117
2025Q4_PRE,96,3922.T,ＰＲ ＴＩＭＥＳ,情報・通信業,0.8607450771687069,79.19580419580419,33.46354166666667,22.7467813922797,36.65015758667267,0.8313352631433022,17.714285714285715,75.0,92.06586826347304,95.0,3075.0,2447,76.72413793103448,2025-09-30,2025-09-30,18.8,18.8,26.2,18.8,18.8,medium,medium,low,low,low,"株伍指标
布正格
予想PER
（倍）
<26.2>
18.8
<27.2>
17.3
实PER
高值平均
37.7
安值平均
20.7
PBR
5.48
株（8/27)
6
2955
最低購人额
5
7.9
29万55009
3922
情",1163.png,0.5921926910299004,0.5191524747205961,0.9189196381053752,業績急伸型,採用,"達成: sector_adjusted_per_score, ocr_per, persistence_20d_pct, positive_month_ratio_pct, max_drawdown_pct, annual_return_pct_lower, annual_return_pct_upper, quarter_return_pct_lower, quarter_return_pct_upper, trend_r2",2025-10-01,2025-12-30,2992.0,2778.0,-7.1524064171123
2025Q4_PRE,97,6745.T,ホーチキ,電気機器,0.8596008515167644,53.72549019607844,25.039872408293466,15.344905707486642,21.40804597701149,0.8145366290756694,20.46142208774584,83.33333333333334,92.7810650887574,100.0,3920.0,6273,100.6141248720573,2025-09-30,2025-09-30,12.2,12.2,26.3,12.2,12.2,medium,medium,low,low,low,"3650
株伍指标
（倍）
予想PER
<26.3>
12.2
<27.3>
12.0
实PER
高值平均
9.4
安值平均
6.3
PBR
1.48
株倡(8/27)
2
3520m
最低購人额
5
3.7
35万2000m
6745
金",2513.png,0.7105263157894737,0.5946048430015966,0.8964542309739223,業績急伸型,採用,"達成: sector_adjusted_per_score, ocr_per, persistence_20d_pct, positive_month_ratio_pct, max_drawdown_pct, annual_return_pct_lower, annual_return_pct_upper, quarter_return_pct_lower, quarter_return_pct_upper, trend_r2",2025-10-01,2025-12-30,3795.0,4440.0,16.996047430830032
2025Q4_PRE,98,7989.T,立川ブラインド工業,金属製品,0.8595316657796701,39.78494623655915,20.817843866171003,10.27047148132702,11.521499448732088,0.8822223598714131,12.117263843648209,83.33333333333334,96.39149777558085,100.0,1950.0,6276,52.70164447924823,2025-09-30,2025-09-30,11.4,11.4,25.12,11.4,11.4,medium,medium,low,low,low,"1865
株伍指标
予想PER
（倍）
<25.12>
11.4
(26.12>
11.6
实PER
高值平均
10.0
安值平均
7.7
PBR
0-67
株佰（8/27)
1795F
最低購人额
5
17万95009
7989
金
直增",3201.png,0.5977011494252874,0.3804284193720063,0.871148217136775,業績急伸型,採用,"達成: sector_adjusted_per_score, ocr_per, persistence_20d_pct, positive_month_ratio_pct, max_drawdown_pct, annual_return_pct_lower, annual_return_pct_upper, quarter_return_pct_lower, quarter_return_pct_upper, trend_r2",2025-10-01,2025-12-30,1897.0,1975.0,4.1117554032683135
2025Q4_PRE,99,8343.T,秋田銀行,銀行業,0.8591325172964343,60.474485228290064,20.54472091459314,10.333878307234416,13.931888544891644,0.8564269442161216,25.99925289503176,75.0,97.41847826086956,65.0,3585.0,6276,64.07322654462241,2025-09-30,2025-09-30,9.7,9.7,26.3,9.7,9.7,medium,medium,low,low,low,"有正格
株伍指标
予想PER
（倍）
<26.3>
9.7
<27.3>
0'6
实PER
高值平均
9.4
安值平均
6.7
PBR
0-38
株幅(8/27)
3545P
器
最低購人额
5
35万4500P
8343
銀",3367.png,0.63125,0.5522951037786057,0.8296434273549761,業績急伸型,採用,"達成: sector_adjusted_per_score, ocr_per, persistence_20d_pct, positive_month_ratio_pct, max_drawdown_pct, annual_return_pct_lower, annual_return_pct_upper, quarter_return_pct_lower, quarter_return_pct_upper, trend_r2",2025-10-01,2025-12-30,3500.0,4025.0,14.999999999999991
2025Q4_PRE,110,8345.T,岩手銀行,銀行業,0.8556200106439598,40.07922218221103,27.33224222585924,14.377929673189325,21.06496985934361,0.7729692422225367,27.00305810397553,83.33333333333334,99.23469387755102,70.0,3890.0,6276,67.67241379310344,2025-09-30,2025-09-30,8.6,8.6,26.3,8.6,8.6,medium,medium,low,low,low,"株伍指标
予想PER
（倍）
<26.3>
8.6
<27.3>
7.9
实PER
高值平均
9.5
安值平均
6.3
PBR
0-34
2
株幅(8/27)
3740m
最低購人额
5
8.6
37万4000P
8345
銀",3369.png,0.74375,0.5643294305481639,0.8179949441192123,業績急伸型,採用,"達成: sector_adjusted_per_score, ocr_per, persistence_20d_pct, positive_month_ratio_pct, max_drawdown_pct, annual_return_pct_lower, annual_return_pct_upper, quarter_return_pct_lower, quarter_return_pct_upper, trend_r2",2025-10-01,2025-12-30,3760.0,5200.0,38.29787234042554
2025Q4_PRE,118,1847.T,イチケン,建設業,0.8528525811601916,40.31770045385778,19.10112359550562,8.643917042182608,16.61341853035143,0.8494174591749425,17.581677332435163,75.0,98.93333333333332,100.0,3710.0,6276,45.2054794520548,2025-09-30,2025-09-30,6.9,6.9,26.3,6.9,6.9,medium,medium,low,low,low,"3610布EK
株伍指标
予想PER
（倍）
<26.3>
6.9
<27.3>
6.5
实PER
高值平均
6.4
安值平均
4.9
PBR
0.75
株倡(8/27)
3
3575P
器线
最低購人额
5
3.8
35万75009
1847
建",124.png,0.9533333333333334,0.5862626397019691,0.8540114422565195,中間型,採用,"達成: sector_adjusted_per_score, ocr_per, persistence_20d_pct, positive_month_ratio_pct, max_drawdown_pct, annual_return_pct_lower, annual_return_pct_upper, quarter_return_pct_lower, quarter_return_pct_upper, trend_r2",2025-10-01,2025-12-30,3585.0,4790.0,33.61227336122734
2025Q4_PRE,119,6332.T,月島ホールディングス,機械,0.8525039914848324,103.95833333333331,42.4345295829292,25.406656104638294,35.54083885209713,0.8972607827219897,16.226415094339618,83.33333333333334,82.8490832157969,65.0,2937.0,6276,124.88514548238898,2025-09-30,2025-09-30,8.5,8.5,26.3,8.5,8.5,medium,medium,low,low,low,"868
株伍指标
（倍）
予想PER
<26.3>
8.5
<27.3>
14.1
实PER
高值平均
15.9
安值平均
10.9
PBR
1-36
株幅(8/27)
10
十万体
29369
l
最低購人额
29万36009
6332",2274.png,0.9097222222222222,0.5968001596593933,0.9040979244278872,業績急伸型,採用,"達成: sector_adjusted_per_score, ocr_per, persistence_20d_pct, positive_month_ratio_pct, max_drawdown_pct, annual_return_pct_lower, annual_return_pct_upper, quarter_return_pct_lower, quarter_return_pct_upper, trend_r2",2025-10-01,2025-12-30,2934.0,2823.0,-3.783231083844585
2025Q4_PRE,124,3935.T,エディア,情報・通信業,0.8485284725918043,135.53191489361703,53.112033195020736,37.33485428057772,49.56395348837211,0.8748222120486928,25.0,75.0,82.92134831460675,75.0,1107.0,2438,203.2876712328767,2025-09-30,2025-09-30,19.0,19.0,26.2,19.0,19.0,medium,medium,low,low,low,"株伍指标
布正格
予想PER
（倍）
<26.2>
19.0
<27.2>
11.8
实PER
高值平均
25.7
安值平均
10.0
PBR
5-02
株倡(8/27)
11589
最低購人额
5
8.6
11万58009
3935
情",1176.png,0.5789036544850499,0.5183608302288452,0.9171301224055348,業績急伸型,採用,"達成: sector_adjusted_per_score, ocr_per, persistence_20d_pct, positive_month_ratio_pct, max_drawdown_pct, annual_return_pct_lower, annual_return_pct_upper, quarter_return_pct_lower, quarter_return_pct_upper, trend_r2",2025-10-01,2025-12-30,1078.0,907.0,-15.862708719851582
2025Q4_PRE,128,6853.T,共和電業,電気機器,0.8475146354443854,70.90464547677261,32.38636363636365,16.08131138477368,27.306967984934083,0.7966465714891077,15.810276679841897,75.0,92.21635883905012,90.0,699.0,6273,64.08450704225352,2025-09-30,2025-09-30,14.8,14.8,25.12,14.8,14.8,medium,medium,low,low,low,"661
株伍指标
予想PER
（倍）
<25.12>
14.8
(26.12>
13.8
实PER
高值平均
14.9
安值平均
10.9
PBR
66°0
株幅(8/27)
2
674m
器线
最低購人额
5
6万7400F
6853
金",2568.png,0.5460526315789473,0.4044771154869611,0.8961548696114955,業績急伸型,採用,"達成: sector_adjusted_per_score, ocr_per, persistence_20d_pct, positive_month_ratio_pct, max_drawdown_pct, annual_return_pct_lower, annual_return_pct_upper, quarter_return_pct_lower, quarter_return_pct_upper, trend_r2",2025-10-01,2025-12-30,676.0,739.0,9.319526627218933
2025Q4_PRE,133,1815.T,鉄建建設,建設業,0.845311335816924,42.07760711398545,21.66839736933195,10.72140911238984,14.28571428571428,0.8160129847829762,20.88073394495413,75.0,97.63888888888889,100.0,3515.0,6276,46.15384615384615,2025-09-30,2025-09-30,12.0,12.0,26.3,12.0,12.0,medium,medium,low,low,low,"株伍指标
予想PER
（倍）
<26.3>
12.0
<27.3>
9.0
实PER
高值平均
安值平均
PBR
0-66
6
株（8/27)
3355P9
最低購人额
5
4.8
33万55009
1815
建",111.png,0.6566666666666666,0.5812466737626398,0.8617283129324109,業績急伸型,採用,"達成: sector_adjusted_per_score, ocr_per, persistence_20d_pct, positive_month_ratio_pct, max_drawdown_pct, annual_return_pct_lower, annual_return_pct_upper, quarter_return_pct_lower, quarter_return_pct_upper, trend_r2",2025-10-01,2025-12-30,3425.0,4545.0,32.7007299270073
2025Q4_PRE,143,1961.T,三機工業,建設業,0.8427035657264502,57.50798722044728,19.95133819951338,15.830228521638356,20.26875699888018,0.938025076538547,18.765778401122024,83.33333333333334,90.79189686924494,65.0,4930.0,6276,120.58165548098434,2025-09-30,2025-09-30,13.4,13.4,26.3,13.4,13.4,medium,medium,low,low,low,"5370
株伍指标
（倍）
予想PER
<26.3>
13.4
<27.3>
12.4
实PER
高值平均
14.7
安值平均
10.1
PBR
2.54
2
株倡(8/27)
5040m
最低購人额
5
6.3
50万4000P
1961
建",184.png,0.47,0.5598456625864822,0.8425758382118147,中間型,採用,"達成: sector_adjusted_per_score, ocr_per, persistence_20d_pct, positive_month_ratio_pct, max_drawdown_pct, annual_return_pct_lower, annual_return_pct_upper, quarter_return_pct_lower, quarter_return_pct_upper, trend_r2",2025-10-01,2025-12-30,4890.0,5740.0,17.382413087934555
2025Q4_PRE,145,4301.T,アミューズ,サービス業,0.8419265566790847,41.43646408839778,27.204968944099384,12.052533934311922,26.42201834862385,0.8075667983718369,9.872804360993335,66.66666666666666,97.84997611084567,100.0,2048.0,5036,46.285714285714285,2025-09-30,2025-09-30,12.3,12.3,26.3,12.3,12.3,medium,medium,low,low,low,"株伍指标
予想PER
（倍）
<26.3>
12.3
<27.3>
17.8
实PER
高值平均
39.5
安值平均
30.0
PBR
68-0
株倡(8/27)
1981A
最低購人额
5
4.8
19万8100m
4301",1380.png,0.7252336448598131,0.5983169238956891,0.8606772219265566,業績急伸型,採用,"達成: sector_adjusted_per_score, ocr_per, persistence_20d_pct, positive_month_ratio_pct, max_drawdown_pct, annual_return_pct_lower, annual_return_pct_upper, quarter_return_pct_lower, quarter_return_pct_upper, trend_r2",2025-10-01,2025-12-30,2036.0,1923.0,-5.550098231827116
2025Q4_PRE,155,2970.T,グッドライフカンパニー,不動産業,0.8372778073443322,61.66466586634654,27.848101265822777,19.607283899791103,26.031746031746028,0.8145868837414171,27.92920353982301,75.0,93.17343173431736,95.0,1010.0,1759,61.92384769539079,2025-09-30,2025-09-30,8.0,8.0,25.12,8.0,8.0,medium,medium,low,low,low,"株伍指标
予想PER
（倍）
<25.12>
8'6
(26.12>
7.2
实PER
高值平均
15.5
安值平均
5.8
PBR
3-21
株倡(8/27)
3840m
最低購人额
5
38万4000F
半连专特
2970
宋",643.png,0.7727272727272727,0.3781931878658861,0.8945915380521554,業績急伸型,採用,"達成: sector_adjusted_per_score, ocr_per, persistence_20d_pct, positive_month_ratio_pct, max_drawdown_pct, annual_return_pct_lower, annual_return_pct_upper, quarter_return_pct_lower, quarter_return_pct_upper, trend_r2",2025-10-01,2025-12-30,935.0,837.0,-10.481283422459898
2025Q4_PRE,159,1975.T,朝日工業社,建設業,0.8356572645023951,36.58216783216783,26.008064516129025,12.33526370227282,24.517374517374524,0.7776008785720236,27.37068965517241,66.66666666666666,96.89922480620154,80.0,3125.0,6274,144.7141738449491,2025-09-30,2025-09-30,12.3,12.3,26.3,12.3,12.3,medium,medium,low,low,low,"3225栋E楼
株伍指标
予想PER
（倍）
<26.3>
12.3
<27.3>
12.1
实PER
高值平均
11.4
安值平均
6.3
PBR
1.94
株倡(8/27)
3090m
最低購人额
5
5.4
30万9000
1975
建",194.png,0.6333333333333333,0.579956093666844,0.8015101117615753,業績急伸型,採用,"達成: sector_adjusted_per_score, ocr_per, persistence_20d_pct, positive_month_ratio_pct, max_drawdown_pct, annual_return_pct_lower, annual_return_pct_upper, quarter_return_pct_lower, quarter_return_pct_upper, trend_r2",2025-10-01,2025-12-30,3105.0,3460.0,11.433172302737526
2025Q4_PRE,162,3712.T,情報企画,情報・通信業,0.8351091005854179,50.593824228028495,25.544554455445542,10.90123902345519,15.608919382504284,0.7872604669850467,25.13043478260869,83.33333333333334,94.0652818991098,95.0,6340.0,5647,49.881796690307326,2025-09-30,2025-09-30,17.2,17.2,25.9,17.2,17.2,medium,medium,low,low,low,"0
株伍指标
（倍）
予想PER
<25.9>
17.2
<26.9>
16.4
实PER
高值平均
13.3
安值平均
9.6
PBR
2.61
株幅(8/27)
5700m
万排
最低購人额
57万内
速特
3712
情",1054.png,0.6528239202657807,0.4957956359765833,0.8761708355508249,業績急伸型,採用,"達成: sector_adjusted_per_score, ocr_per, persistence_20d_pct, positive_month_ratio_pct, max_drawdown_pct, annual_return_pct_lower, annual_return_pct_upper, quarter_return_pct_lower, quarter_return_pct_upper, trend_r2",2025-10-01,2025-12-30,6300.0,6370.0,1.1111111111111072
2025Q4_PRE,163,1736.T,オーテック,建設業,0.8342362959020757,53.95603879300501,38.7815750371471,19.325786400948434,29.69072164948454,0.7575473528151251,21.010986891821204,75.0,93.9165409753645,65.0,1868.0,6454,67.28358818518205,2025-09-30,2025-09-30,10.9,10.9,26.3,10.9,10.9,medium,medium,low,low,low,"1887布E楼
株伍指标
予想PER
（倍）
<26.3>
10.9
<27.3>
10.5
实PER
高值平均
12.0
安值平均
7.2
PBR
1.22
株佰（8/27)
17639
最低購人额
5
3.6
17万63009
1736
建",75.png,0.7766666666666666,0.5937799361362426,0.8422166045769026,業績急伸型,採用,"達成: sector_adjusted_per_score, ocr_per, persistence_20d_pct, positive_month_ratio_pct, max_drawdown_pct, annual_return_pct_lower, annual_return_pct_upper, quarter_return_pct_lower, quarter_return_pct_upper, trend_r2",2025-10-01,2025-12-30,1785.0,2382.0,33.4453781512605
2025Q4_PRE,169,5971.T,共和工業所,金属製品,0.8329696647152742,48.23284823284824,29.63636363636364,13.69633263245463,25.254237288135585,0.7617336101302801,15.000000000000002,66.66666666666666,96.48173207036535,100.0,7130.0,6535,44.62474645030425,2025-09-30,2025-09-30,12.8,12.8,26.4,12.8,12.8,medium,medium,low,low,low,"株伍指标
布正格
予想PER
（倍）
<26.4>
12.8
<27.4>
12.0
实PER
高值平均
8.6
安值平均
6.4
PBR
0-50
株倡(8/27)
2
5980m
确
最低購人额
5
.5
59万80009
他速事特
5971
金
2转量",2057.png,0.5229885057471264,0.665693187865886,0.8712812666311869,業績急伸型,採用,"達成: sector_adjusted_per_score, ocr_per, persistence_20d_pct, positive_month_ratio_pct, max_drawdown_pct, annual_return_pct_lower, annual_return_pct_upper, quarter_return_pct_lower, quarter_return_pct_upper, trend_r2",2025-10-01,2025-12-30,6740.0,7600.0,12.759643916913957
2025Q4_PRE,171,3242.T,アーバネットコーポレーション,不動産業,0.8325013304949441,33.957845433255265,23.275862068965523,11.948238807562062,15.118790496760258,0.8791689134239551,10.629067245119304,66.66666666666666,99.65156794425089,65.0,572.0,4655,53.351206434316346,2025-09-30,2025-09-30,9.7,9.7,26.6,9.7,9.7,medium,medium,low,low,low,"574
株伍指标
予想PER
（倍)
<26.6>
9.7
<27.6>
9.1
实PER
高值平均
8.1
安值平均
6.0
PBR
1.13
株倡(8/27)
2
558m
最低購人额
5
1.4
5万5800F
3242
宋",806.png,0.6098484848484849,0.6675292708887707,0.7866418307610431,安定進捗型,採用,"達成: sector_adjusted_per_score, ocr_per, persistence_20d_pct, positive_month_ratio_pct, max_drawdown_pct, annual_return_pct_lower, annual_return_pct_upper, quarter_return_pct_lower, quarter_return_pct_upper, trend_r2",2025-10-01,2025-12-30,553.0,571.0,3.254972875226048
2025Q4_PRE,173,6331.T,三菱化工機,機械,0.8321287919105906,118.26322207775854,30.97215437225207,20.16576250674428,30.228136882129284,0.8095620888145416,24.31850789096126,66.66666666666666,90.33018867924528,65.0,2681.0,6276,131.78675166982168,2025-09-30,2025-09-30,10.9,10.9,26.3,10.9,10.9,medium,medium,low,low,low,"2591
株伍指标
海正校
予想PER
（倍）
<26.3>
10.9
<27.3>
10.9
实PER
高值平均
7.0
安值平均
4.5
PBR
1.54
株佰(8/27)
9
25729
m
最低購人额
5
3.4
25万72009
6331
概",2273.png,0.7476851851851852,0.5884047365620011,0.8580894092602449,業績急伸型,採用,"達成: sector_adjusted_per_score, ocr_per, persistence_20d_pct, positive_month_ratio_pct, max_drawdown_pct, annual_return_pct_lower, annual_return_pct_upper, quarter_return_pct_lower, quarter_return_pct_upper, trend_r2",2025-10-01,2025-12-30,2707.0,3225.0,19.13557443664573
2025Q4_PRE,180,256A.T,飛島ホールディングス,建設業,0.8304630122405536,32.23844282238444,19.713656387665203,10.114497672142171,13.187954309449632,0.8701707568919574,17.779024116657315,83.33333333333334,95.35087719298244,95.0,2174.0,351,54.29382540809085,2025-09-30,2025-09-30,10.2,10.2,26.3,10.2,10.2,medium,medium,low,low,low,"2180
株伍指标
（倍）
予想PER
<26.3>
10.2
<27.3>
10.0
实PER
高值平均
9.3
安值平均
7.2
PBR
08-0
株佰（8/27)
2080m
最低購人额
5
7.5
20万8000F
256A
建
非增",416.png,0.8233333333333334,0.595569451836083,0.8352980308674827,中間型,採用,"達成: sector_adjusted_per_score, ocr_per, persistence_20d_pct, positive_month_ratio_pct, max_drawdown_pct, annual_return_pct_lower, annual_return_pct_upper, quarter_return_pct_lower, quarter_return_pct_upper, trend_r2",2025-10-01,2025-12-30,2124.0,2356.0,10.922787193973637
2025Q4_PRE,181,8336.T,武蔵野銀行,銀行業,0.8299733901011177,34.941763727121455,23.816793893129763,13.689635845014925,19.56181533646322,0.7853570235423686,27.47826086956522,75.0,98.661800486618,90.0,4055.0,6276,50.3522432332221,2025-09-30,2025-09-30,9.1,9.1,26.3,9.1,9.1,medium,medium,low,low,low,"株伍指标
予想PER
（倍）
<26.3>
9.1
<27.3>
8.4
实PER
高值平均
8.7
安值平均
5.8
PBR
0.46
3
株幅(8/27)
3830m
最低購人额
5
4.8
38万3000P
8336
銀",3363.png,0.6875,0.5573842469398615,0.824507716870676,中間型,採用,"達成: sector_adjusted_per_score, ocr_per, persistence_20d_pct, positive_month_ratio_pct, max_drawdown_pct, annual_return_pct_lower, annual_return_pct_upper, quarter_return_pct_lower, quarter_return_pct_upper, trend_r2",2025-10-01,2025-12-30,3960.0,4860.0,22.72727272727273
2025Q4_PRE,184,7191.T,イントラスト,その他金融業,0.8284193720063863,32.56658595641646,22.3463687150838,11.766342656294333,13.5048231511254,0.8156204347647164,15.012106537530268,83.33333333333334,97.1606033717835,65.0,1095.0,2280,52.08333333333333,2025-09-30,2025-09-30,14.3,14.3,26.3,14.3,14.3,medium,medium,low,low,low,"株伍指标
EK
予想PER
（倍）
<26.3>
14.3
<27.3>
13.0
实PER
高值平均
19.3
安值平均
11.7
PBR
3-27
株倡(8/27)
7
1033m
最低購人额
0.9
10万33009
速o特
7191",2761.png,0.5526315789473685,0.5848323576370409,0.7878525811601917,中間型,採用,"達成: sector_adjusted_per_score, ocr_per, persistence_20d_pct, positive_month_ratio_pct, max_drawdown_pct, annual_return_pct_lower, annual_return_pct_upper, quarter_return_pct_lower, quarter_return_pct_upper, trend_r2",2025-10-01,2025-12-30,1082.0,1185.0,9.519408502772642
2025Q4_PRE,192,3465.T,ケイアイスター不動産,不動産業,0.826093666844066,31.30128956623681,22.13740458015268,11.630448661470265,15.800415800415802,0.8453207014281606,14.345549738219898,75.0,96.0548885077187,100.0,5600.0,2514,47.36842105263157,2025-09-30,2025-09-30,6.9,6.9,26.3,6.9,6.9,medium,medium,low,low,low,"株伍指标
布正格
予想PER
（倍）
<26.3>
6.9
<27.3>
5.5
实PER
高值平均
9.6
安值平均
5.7
PBR
1-35
株（8/27)
7
5320m
最低購人额
5
5.5
53万2000m
3465
动特
宋",918.png,0.9090909090909092,0.5775345928685471,0.8434872272485365,中間型,採用,"達成: sector_adjusted_per_score, ocr_per, persistence_20d_pct, positive_month_ratio_pct, max_drawdown_pct, annual_return_pct_lower, annual_return_pct_upper, quarter_return_pct_lower, quarter_return_pct_upper, trend_r2",2025-10-01,2025-12-30,5260.0,6580.0,25.095057034220524
2025Q4_PRE,197,6091.T,ウエスコホールディングス,サービス業,0.8238531133581694,42.76315789473684,21.05997210599721,18.261609419036947,31.275720164609044,0.8709856437425204,11.127819548872177,83.33333333333334,90.70010449320796,100.0,868.0,6470,61.338289962825286,2025-09-30,2025-09-30,14.7,14.7,25.7,14.7,14.7,medium,medium,low,low,low,"株伍指标
779
予想PER
（倍）
<25.7>
14.7
(26.7>
14.5
实PER
高值平均
11.7
安值平均
68
PBR
0-64
株倡(8/27)
760P
最低購人额
5
7万6000P
6091",2133.png,0.5644859813084112,0.4356306546035125,0.8767629058009581,業績急伸型,採用,"達成: sector_adjusted_per_score, ocr_per, persistence_20d_pct, positive_month_ratio_pct, max_drawdown_pct, annual_return_pct_lower, annual_return_pct_upper, quarter_return_pct_lower, quarter_return_pct_upper, trend_r2",2025-10-01,2025-12-30,835.0,839.0,0.4790419161676551
2025Q4_PRE,205,7130.T,ヤマエグループホールディングス,卸売業,0.8214529004789782,45.7157516675218,19.277614447711056,9.996962521607896,10.782241014799164,0.7811926536752921,16.003153330705555,75.0,95.84880188997636,95.0,2840.0,1085,41.22327200397813,2025-09-30,2025-09-30,7.1,7.1,26.3,7.1,7.1,medium,medium,low,low,low,"株伍指标
予想PER
（倍）
<26.3>
7.1
<27.3>
5.2
实PER
高值平均
9.4
安值平均
4.3
PBR
0-84
株佰（8/27)
2
2719m
最低購人额
5
9.5
27万19009
7130
卸",2733.png,0.9221453287197232,0.5820449707291111,0.8408994145822246,中間型,採用,"達成: sector_adjusted_per_score, ocr_per, persistence_20d_pct, positive_month_ratio_pct, max_drawdown_pct, annual_return_pct_lower, annual_return_pct_upper, quarter_return_pct_lower, quarter_return_pct_upper, trend_r2",2025-10-01,2025-12-30,2701.0,2533.0,-6.219918548685676
2025Q4_PRE,207,6488.T,ヨシタケ,機械,0.8199254922831295,41.61676646706587,26.13333333333334,11.8722008631107,14.382022471910116,0.7649588694507238,16.388888888888886,75.0,92.92730844793712,100.0,946.0,6535,55.08196721311476,2025-09-30,2025-09-30,8.9,8.9,26.3,8.9,8.9,medium,medium,low,low,low,"株伍指标
海正格
予想PER
（倍）
<26.3>
8.9
<27.3>
8.2
实PER
高值平均
11.1
安值平均
7.4
PBR
89°0
株倡(8/27)
8849
最低購人额
5
67
8万8400P
5连>特
6488",2371.png,0.8888888888888888,0.5956160191591271,0.8641232038318254,業績急伸型,採用,"達成: sector_adjusted_per_score, ocr_per, persistence_20d_pct, positive_month_ratio_pct, max_drawdown_pct, annual_return_pct_lower, annual_return_pct_upper, quarter_return_pct_lower, quarter_return_pct_upper, trend_r2",2025-10-01,2025-12-30,931.0,1013.0,8.807733619763702
2025Q4_PRE,219,4633.T,サカタインクス,化学,0.8180627993613624,38.01897983392646,19.578622816032887,8.977117764375864,11.989664082687334,0.8690939316892377,21.778221778221774,66.66666666666666,97.77310924369748,75.0,2327.0,6274,48.12221514958625,2025-09-30,2025-09-30,8.0,8.0,25.12,8.0,8.0,medium,medium,low,low,low,"株伍指标
2322
予想PER
（倍）
<25.12>
8'6
(26.12>
8'8
实PER
高值平均
11.2
安值平均
7.7
PBR
1.03
株倡(8/27)
山
2267A
最低購人额
5
22万6700F
4633
化",1589.png,0.9390243902439024,0.4113225119744545,0.7952035657264502,中間型,採用,"達成: sector_adjusted_per_score, ocr_per, persistence_20d_pct, positive_month_ratio_pct, max_drawdown_pct, annual_return_pct_lower, annual_return_pct_upper, quarter_return_pct_lower, quarter_return_pct_upper, trend_r2",2025-10-01,2025-12-30,2277.0,2369.0,4.040404040404044
2025Q4_PRE,224,3277.T,サンセイランディック,不動産業,0.8171953166577967,41.57894736842105,22.272727272727263,13.49203936062949,15.29914529914529,0.8557897064301331,10.86538461538461,66.66666666666666,97.46376811594205,80.0,1345.0,3503,39.66770508826583,2025-09-30,2025-09-30,9.5,9.5,25.12,9.5,9.5,medium,medium,low,low,low,"株伍指标
予想PER
（倍）
<25.12>
9.5
(26.12>
8.3
实PER
高值平均
8.0
安值平均
6.1
PBR
0.76
株幅(8/27)
1295F
最低購人额
5
12万9500m
速取特
3277
宋
特力色",820.png,0.6212121212121212,0.3651144225651943,0.8173563065460352,業績急伸型,採用,"達成: sector_adjusted_per_score, ocr_per, persistence_20d_pct, positive_month_ratio_pct, max_drawdown_pct, annual_return_pct_lower, annual_return_pct_upper, quarter_return_pct_lower, quarter_return_pct_upper, trend_r2",2025-10-01,2025-12-30,1293.0,1326.0,2.552204176334105
2025Q4_PRE,251,3467.T,アグレ都市デザイン,不動産業,0.8102022352315063,39.00966183574879,22.122015915119352,12.981852663610574,18.26315789473685,0.8202956616192941,23.495850622406643,75.0,93.27390599675851,100.0,2302.0,2457,52.34943745863667,2025-09-30,2025-09-30,7.0,7.0,26.3,7.0,7.0,medium,medium,low,low,low,"2225
株伍指标
海正校
予想PER
（倍）
<26.3>
7.0
<27.3>
6.5
实PER
高值平均
8.9
安值平均
6.7
PBR
1.82
株佰（8/27)
2198m
最低購人额
5
3.9
21万9800m
3467
宋",919.png,0.8939393939393939,0.5750532197977648,0.8574175093134646,業績急伸型,採用,"達成: sector_adjusted_per_score, ocr_per, persistence_20d_pct, positive_month_ratio_pct, max_drawdown_pct, annual_return_pct_lower, annual_return_pct_upper, quarter_return_pct_lower, quarter_return_pct_upper, trend_r2",2025-10-01,2025-12-30,2220.0,2479.0,11.66666666666667
2025Q4_PRE,296,6743.T,大同信号,電気機器,0.8008169238956891,30.4535637149028,20.3187250996016,11.800455488929888,17.896678966789658,0.7964931644380057,15.572232645403371,83.33333333333334,94.5226917057903,95.0,604.0,6272,43.80952380952381,2025-09-30,2025-09-30,10.3,10.3,26.3,10.3,10.3,medium,medium,low,low,low,"株伍指标
予想PER
（倍）
<26.3>
10.3
<27.3>
9.2
实PER
高值平均
16.3
安值平均
12.3
PBR
0-35
株幅(8/27)
5529
最低購人额
5
64
5万5200F
6743",2511.png,0.8574561403508771,0.6033661522086216,0.8186601915912719,安定進捗型,採用,"達成: sector_adjusted_per_score, ocr_per, persistence_20d_pct, positive_month_ratio_pct, max_drawdown_pct, annual_return_pct_lower, annual_return_pct_upper, quarter_return_pct_lower, quarter_return_pct_upper, trend_r2",2025-10-01,2025-12-30,584.0,812.0,39.04109589041096
2025Q4_PRE,299,7242.T,カヤバ,輸送用機器,0.7996381053751996,34.23392612859097,30.833333333333336,14.195560530363757,17.15160796324655,0.8160440033379626,15.725938009787932,66.66666666666666,91.92037470725997,90.0,3925.0,6276,67.02127659574468,2025-09-30,2025-09-30,9.4,9.4,26.3,9.4,9.4,medium,medium,low,low,low,"3810布ER
株伍指标
予想PER
（倍）
<26.3>
9.4
<27.3>
11.7
实PER
高值平均
0'8
安值平均
5.6
PBR
08-0
株倡(8/27)
2
3780m
最低購人额
5
67
37万8000P
7242
输",2793.png,0.7965116279069767,0.5819052687599787,0.8328366152208622,中間型,採用,"達成: sector_adjusted_per_score, ocr_per, persistence_20d_pct, positive_month_ratio_pct, max_drawdown_pct, annual_return_pct_lower, annual_return_pct_upper, quarter_return_pct_lower, quarter_return_pct_upper, trend_r2",2025-10-01,2025-12-30,3895.0,4465.0,14.634146341463406
2025Q4_PRE,430,6489.T,前澤工業,機械,0.7696806812134114,52.96000000000001,19.053549190535502,17.789840538008725,24.58204334365326,0.825792548453578,15.372790161414295,66.66666666666666,87.62603116406966,65.0,1912.0,6276,57.88604459124691,2025-09-30,2025-09-30,10.9,10.9,26.5,10.9,10.9,medium,medium,low,low,low,"株伍指标
1959
（倍）
予想PER
<26.5>
10.9
<27.5>
10.1
实PER
高值平均
7.4
安值平均
4.6
PBR
1.17
株倡(8/27)
5
19829
最低購人额
5
0.6
19万82009
又连特
6489
34铺半色",2372.png,0.7476851851851852,0.6966737626397019,0.7982304417243214,安定進捗型,採用,"達成: sector_adjusted_per_score, ocr_per, persistence_20d_pct, positive_month_ratio_pct, max_drawdown_pct, annual_return_pct_lower, annual_return_pct_upper, quarter_return_pct_lower, quarter_return_pct_upper, trend_r2",2025-10-01,2025-12-30,1865.0,2022.0,8.418230563002682
